{
  "pages": [
    [
      {"id": 101, "score": 52},
      {"id": 115, "score": 58},
      {"id": 132, "score": 60},
      {"id": 141, "score": 60},
      {"id": 155, "score": 63},
      {"id": 168, "score": 67},
      {"id": 176, "score": 69},
      {"id": 190, "score": 70}
    ],
    [
      {"id": 202, "score": 55},
      {"id": 215, "score": 61},
      {"id": 223, "score": 62},
      {"id": 240, "score": 66},
      {"id": 251, "score": 70},
      {"id": 265, "score": 72},
      {"id": 278, "score": 78},
      {"id": 289, "score": 80}
    ],
    [
      {"id": 301, "score": 57},
      {"id": 314, "score": 60},
      {"id": 325, "score": 64},
      {"id": 338, "score": 68},
      {"id": 349, "score": 72},
      {"id": 360, "score": 76},
      {"id": 374, "score": 79},
      {"id": 388, "score": 83}
    ],
    [
      {"id": 401, "score": 59},
      {"id": 415, "score": 65},
      {"id": 429, "score": 70},
      {"id": 440, "score": 73},
      {"id": 452, "score": 77},
      {"id": 468, "score": 82},
      {"id": 476, "score": 88},
      {"id": 489, "score": 90}
    ],
    [
      {"id": 501, "score": 60},
      {"id": 512, "score": 63},
      {"id": 523, "score": 71},
      {"id": 534, "score": 75},
      {"id": 545, "score": 78},
      {"id": 559, "score": 84},
      {"id": 570, "score": 86},
      {"id": 588, "score": 92}
    ]
  ]
}
